CHRONIC CONDITIONS,,,,
,,Addison's Disease,E27.1,Primary adrenocortical insufficiency
,,Asthma,J45.0,Predominantly allergic asthma
,,Asthma,J45.1,Nonallergic asthma
,,Asthma,J45.8,Mixed asthma
,,Asthma,J45.9,"Asthma, unspecified"
,,Asthma,J46,Status asthmaticus
,,Bronchiectasis,J47,Bronchiectasis
,,Bronchiectasis,Q33.4,Congenital bronchiectasis
,,Bipolar Mood Disorder,F31.0,"Bipolar affective disorder, current episode hypomanic"
,,Bipolar Mood Disorder,F31.1,"Bipolar affective disorder, current episode manic without psychotic symptoms"
,,Bipolar Mood Disorder,F31.2,"Bipolar affective disorder, current episode manic with psychotic symptoms"
,,Bipolar Mood Disorder,F31.3,"Bipolar affective disorder, current episode mild or moderate depression"
,,Bipolar Mood Disorder,F31.4,"Bipolar affective disorder, current episode severe depression without psychotic symptoms"
,,Bipolar Mood Disorder,F31.5,"Bipolar affective disorder, current episode severe depression with psychotic symptoms"
,,Bipolar Mood Disorder,F31.6,"Bipolar affective disorder, current episode mixed"
,,Bipolar Mood Disorder,F31.7,"Bipolar affective disorder, currently in remission"
,,Bipolar Mood Disorder,F31.8,Other bipolar affective disorders
,,Bipolar Mood Disorder,F31.9,"Bipolar affective disorder, unspecified"
,,Cardiac Failure,I11.0,Hypertensive heart disease with (congestive) heart failure
,,Cardiac Failure,I13.0,Hypertensive heart and renal disease with (congestive) heart failure
,,Cardiac Failure,I13.2,Hypertensive heart and renal disease with both (congestive) heart failure and renal failure
,,Cardiac Failure,I50.0,Congestive heart failure
,,Cardiac Failure,I50.1,Left ventricular failure
,,Cardiac Failure,I50.9,"Heart failure, unspecified"
,,Cardiomyopathy,I25.5,Ischaemic cardiomyopathy
,,Cardiomyopathy,I42.0,Dilated cardiomyopathy
,,Cardiomyopathy,I42.1,Obstructive hypertrophic cardiomyopathy
,,Cardiomyopathy,I42.2,Other hypertrophic cardiomyopathy
,,Cardiomyopathy,I42.3,Endomyocardial (eosinophilic) disease
,,Cardiomyopathy,I42.4,Endocardial fibroelastosis
,,Cardiomyopathy,I42.5,Other restrictive cardiomyopathy
,,Cardiomyopathy,I42.6,Alcoholic cardiomyopathy
,,Cardiomyopathy,I42.7,Cardiomyopathy due to drugs and other external agents
,,Cardiomyopathy,I42.8,Other cardiomyopathies
,,Cardiomyopathy,I42.9,"Cardiomyopathy, unspecified"
,,Chronic Renal Disease,I12.0,Hypertensive renal disease with renal failure
,,Chronic Renal Disease,I13.1,Hypertensive heart and renal disease with renal failure
,,Chronic Renal Disease,I13.2,Hypertensive heart and renal disease with both (congestive) heart failure and renal failure
,,Chronic Renal Disease,N03.0,"Chronic nephritic syndrome, minor glomerular abnormality"
,,Chronic Renal Disease,N03.1,"Chronic nephritic syndrome, focal and segmental glomerular lesions"
,,Chronic Renal Disease,N03.2,"Chronic nephritic syndrome, diffuse membranous glomerulonephritis"
,,Chronic Renal Disease,N03.3,"Chronic nephritic syndrome, diffuse mesangial proliferative glomerulonephritis"
,,Chronic Renal Disease,N03.4,"Chronic nephritic syndrome, diffuse endocapillary proliferative glomerulonephritis"
,,Chronic Renal Disease,N03.5,"Chronic nephritic syndrome, diffuse mesangiocapillary glomerulonephritis"
,,Chronic Renal Disease,N03.6,"Chronic nephritic syndrome, dense deposit disease"
,,Chronic Renal Disease,N03.7,"Chronic nephritic syndrome, diffuse crescentic glomerulonephritis"
,,Chronic Renal Disease,N03.8,"Chronic nephritic syndrome, other"
,,Chronic Renal Disease,N03.9,"Chronic nephritic syndrome, unspecified"
,,Chronic Renal Disease,N11.0,Nonobstructive reflux-associated chronic pyelonephritis
,,Chronic Renal Disease,N11.1,Chronic obstructive pyelonephritis
,,Chronic Renal Disease,N11.8,Other chronic tubulo-interstitial nephritis
,,Chronic Renal Disease,N11.9,"Chronic tubulo-interstitial nephritis, unspecified"
,,Chronic Renal Disease,N18.0,End-stage renal disease
,,Chronic Renal Disease,N18.1,"Chronic kidney disease, stage 1"
,,Chronic Renal Disease,N18.2,"Chronic kidney disease, stage 2"
,,Chronic Renal Disease,N18.3,"Chronic kidney disease, stage 3"
,,Chronic Renal Disease,N18.4,"Chronic kidney disease, stage 4"
,,Chronic Renal Disease,N18.5,"Chronic kidney disease, stage 5"
,,Chronic Renal Disease,N18.8,Other chronic renal failure
,,Chronic Renal Disease,N18.8+I32.8*,Other chronic renal failure / Pericarditis in other diseases classified elsewhere
,,Chronic Renal Disease,N18.9,"Chronic renal failure, unspecified"
,,Chronic Renal Disease,N25.0,Renal osteodystrophy
,,Chronic Renal Disease,O10.3,"Pre-existing hypertensive heart and renal disease complicating pregnancy, childbirth and the puerperium"
,,Chronic Renal Disease,O10.2,"Pre-existing hypertensive renal disease complicating pregnancy, childbirth and the puerperium"
,,Chronic Obstructive Pulmonary Disease,J43.0,MacLeod's syndrome
,,Chronic Obstructive Pulmonary Disease,J43.1,Panlobular emphysema
,,Chronic Obstructive Pulmonary Disease,J43.2,Centrilobular emphysema
,,Chronic Obstructive Pulmonary Disease,J43.8,Other emphysema
,,Chronic Obstructive Pulmonary Disease,J43.9,"Emphysema, unspecified"
,,Chronic Obstructive Pulmonary Disease,J44.0,Chronic obstructive pulmonary disease with acute lower respiratory infection
,,Chronic Obstructive Pulmonary Disease,J44.1,"Chronic obstructive pulmonary disease with acute exacerbation, unspecified"
,,Chronic Obstructive Pulmonary Disease,J44.8,Other specified chronic obstructive pulmonary disease
,,Chronic Obstructive Pulmonary Disease,J44.9,"Chronic obstructive pulmonary disease, unspecified"
,,Coronary Artery Disease,I20.0,Unstable angina
,,Coronary Artery Disease,I20.1,Angina pectoris with documented spasm
,,Coronary Artery Disease,I20.8,Other forms of angina pectoris
,,Coronary Artery Disease,I20.9,"Angina pectoris, unspecified"
,,Coronary Artery Disease,I25.0,"Atherosclerotic cardiovascular disease, so described"
,,Coronary Artery Disease,I25.1,Atherosclerotic heart disease
,,Coronary Artery Disease,I25.2,Old myocardial infarction
,,Coronary Artery Disease,I25.3,Aneurysm of heart
,,Coronary Artery Disease,I25.4,Coronary artery aneurysm
,,Coronary Artery Disease,I25.5,Ischaemic cardiomyopathy
,,Coronary Artery Disease,I25.6,Silent myocardial ischaemia
,,Coronary Artery Disease,I25.8,Other forms of chronic ischaemic heart disease
,,Coronary Artery Disease,I25.9,"Chronic ischaemic heart disease, unspecified"
,,Crohn's Disease,K50.0,Crohn's disease of small intestine
,,Crohn's Disease,K50.1,Crohn's disease of large intestine
,,Crohn's Disease,K50.8,Other Crohn's disease
,,Crohn's Disease,K50.9,"Crohn's disease, unspecified"
,,Diabetes Insipidus,E23.2,Diabetes insipidus
,,Diabetes Insipidus,N25.1,Nephrogenic diabetes insipidus
,,Diabetes Mellitus Type 1,G59.0,Diabetic mononeuropathy (E10-E14+ with common fourth character .4)
,,Diabetes Mellitus Type 1,G63.2,Diabetic polyneuropathy (E10-E14+ with common fourth character .4)
,,Diabetes Mellitus Type 1,E10.0,Insulin-dependent diabetes mellitus with coma
,,Diabetes Mellitus Type 1,E10.1,Insulin-dependent diabetes mellitus with ketoacidosis
,,Diabetes Mellitus Type 1,E10.2+I79.2*,Insulin-dependent diabetes mellitus with renal complications/Peripheral angiopathy in diseases classified elsewhere
,,Diabetes Mellitus Type 1,E10.2+N08.3*,"Insulin-dependent diabetes mellitus with renal complications/Insulin-dependent diabetic nephropathy, intracapillary glomerulonephrosis, Kimmelstiel-Wilson syndrome"
,,Diabetes Mellitus Type 1,E10.3+H28.0*,Insulin-dependent diabetes mellitus with ophthalmic complications/ Diabetic cataract
,,Diabetes Mellitus Type 1,E10.3+H36.0*,Insulin-dependent diabetes mellitus with ophthalmic complications/ Diabetic retinopathy
,,Diabetes Mellitus Type 1,E10.3,Insulin-dependent diabetes mellitus with ophthalmic complications/Diabetic retinopathy (E10-E14+ with common fourth character .3)
,,Diabetes Mellitus Type 1,E10.3+I79.2*,Insulin-dependent diabetes mellitus with ophthalmic complications/Peripheral angiopathy in diseases classified elsewhere
,,Diabetes Mellitus Type 1,E10.4+G59.0*,Insulin-dependent diabetes mellitus with neurological complications/ Diabetic mononeuropathy
,,Diabetes Mellitus Type 1,E10.4+G63.2*,Insulin-dependent diabetes mellitus with neurological complications/ Diabetic polyneuropathy
,,Diabetes Mellitus Type 1,E10.4,Insulin-dependent diabetes mellitus with neurological complications/Diabetic polyneuropathy (E10-E14+ with common fourth character .4)
,,Diabetes Mellitus Type 1,E10.4+G73.0*,Insulin-dependent diabetes mellitus with neurological complications/ Diabetic amyotrophy
,,Diabetes Mellitus Type 1,E10.4+G99.0*,Insulin-dependent diabetes mellitus with neurological complications/Daibeteic autonomic neuropathy and or Diabetic autonomic polyneuropathy
,,Diabetes Mellitus Type 1,E10.4+I79.2*,Insulin-dependent diabetes mellitus with neurological complications/Peripheral angiopathy in diseases classified elsewhere
,,Diabetes Mellitus Type 1,E10.5,Insulin-dependent diabetes mellitus with peripheral circulatory complications
,,Diabetes Mellitus Type 1,E10.6,Insulin-dependent diabetes mellitus with other specified complications
,,Diabetes Mellitus Type 1,E10.6+I79.2*,Insulin-dependent diabetes mellitus with other specified complications/Peripheral angiopathy in diseases classified elsewhere
,,Diabetes Mellitus Type 1,E10.6+M14.2*,Insulin-dependent diabetes mellitus with other specified complications/Diabetic arthropathy
,,Diabetes Mellitus Type 1,E10.6+M14.6*,Insulin-dependent diabetes mellitus with other specified complications/Diabetic neuropathic arthropathyarthropathy
,,Diabetes Mellitus Type 1,E10.7,Insulin-dependent diabetes mellitus with multiple complications
,,Diabetes Mellitus Type 1,E10.7+I79.2*,Insulin-dependent diabetes mellitus with multiple complications/Peripheral angiopathy in diseases classified elsewhere
,,Diabetes Mellitus Type 1,E10.8,Insulin-dependent diabetes mellitus with unspecified complications
,,Diabetes Mellitus Type 1,E10.8+I79.2*,Insulin-dependent diabetes mellitus with unspecified complications/Peripheral angiopathy in diseases classified elsewhere
,,Diabetes Mellitus Type 1,E10.9,Insulin-dependent diabetes mellitus without complications
,,Diabetes Mellitus Type 1,E10.9+I79.2*,Insulin-dependent diabetes mellitus without complications/Peripheral angiopathy in diseases classified elsewhere
,,Diabetes Mellitus Type 1,E12.0,Malnutrition-related diabetes mellitus with coma
,,Diabetes Mellitus Type 1,E12.1,Malnutrition-related diabetes mellitus with ketoacidosis
,,Diabetes Mellitus Type 1,E12.2+I79.2*,Malnutrition-related diabetes mellitus with renal complications/Peripheral angiopathy in diseases classified elsewhere
,,Diabetes Mellitus Type 1,E12.2+N08.3*,"Malnutrition-related diabetes mellitus with renal complications/Insulin-dependent diabetic nephropathy, intracapillary glomerulonephrosis, Kimmelstiel-Wilson syndrome"
,,Diabetes Mellitus Type 1,E12.3+H28.0*,Malnutrition-related diabetes mellitus with ophthalmic complications/ Diabetic cataract
,,Diabetes Mellitus Type 1,E12.3,Malnutrition-related diabetes mellitus with ophthalmic complications/Diabetic cataract (E10-E14+ with common fourth character .3)
,,Diabetes Mellitus Type 1,E12.3+H36.0*,Malnutrition-related diabetes mellitus with ophthalmic complications/ Diabetic retinopathy
,,Diabetes Mellitus Type 1,E12.3+I79.2*,Malnutrition-related diabetes mellitus with ophthalmic complications/Peripheral angiopathy in diseases classified elsewhere
,,Diabetes Mellitus Type 1,E12.4+G59.0*,Malnutrition-relatedt diabetes mellitus with neurological complications/ Diabetic mononeuropathy
,,Diabetes Mellitus Type 1,E12.4+G63.2*,Malnutrition-related diabetes mellitus with neurological complications/Diabetic polyneuropathy (E10-E14+ with common fourth character .4)
,,Diabetes Mellitus Type 1,E12.4,Malnutrition-related diabetes mellitus with neurological complications
,,Diabetes Mellitus Type 1,E12.4+G73.0*,Malnutrition-relateddiabetes mellitus with neurological complications/ Diabetic amyotrophy
,,Diabetes Mellitus Type 1,E12.4+G99.0*,Malnutrition-relateddiabetes mellitus with neurological complications/Daibeteic autonomic neuropathy and or Diabetic autonomic polyneuropathy
,,Diabetes Mellitus Type 1,E12.4+I79.2*,Malnutrition-related diabetes mellitus with neurological complications/Peripheral angiopathy in diseases classified elsewhere
,,Diabetes Mellitus Type 1,E12.5,Malnutrition-related diabetes mellitus with peripheral circulatory complications
,,Diabetes Mellitus Type 1,E12.5+I79.2*,Malnutrition-related diabetes mellitus with peripheral circulatory complications/ Diabetic peripheral angiopathy
,,Diabetes Mellitus Type 1,E12.6,Malnutrition-related diabetes mellitus with other specified complications
,,Diabetes Mellitus Type 1,E12.6+I79.2*,Malnutrition-related diabetes mellitus with other specified complications/Peripheral angiopathy in diseases classified elsewhere
,,Diabetes Mellitus Type 1,E12.6+M14.2*,Malnutrition-related  diabetes mellitus with other specified complications/Diabetic arthropathy
,,Diabetes Mellitus Type 1,E12.6+M14.6*,Malnutrition-related  diabetes mellitus with other specified complications/Diabetic neuropathic arthropathyarthropathy
,,Diabetes Mellitus Type 1,E12.7,Malnutrition-related diabetes mellitus with multiple complications
,,Diabetes Mellitus Type 1,E12.7+I79.2*,Malnutrition-related diabetes mellitus with multiple complications/Peripheral angiopathy in diseases classified elsewhere
,,Diabetes Mellitus Type 1,E12.8,Malnutrition-related diabetes mellitus with unspecified complications
,,Diabetes Mellitus Type 1,E12.8+I79.2*,Malnutrition-related diabetes mellitus with unspecified complications/Peripheral angiopathy in diseases classified elsewhere
,,Diabetes Mellitus Type 1,E12.9,Malnutrition-related diabetes mellitus without complications
,,Diabetes Mellitus Type 1,E12.9+I79.2*,Malnutrition-related diabetes mellitus without complications/Peripheral angiopathy in diseases classified elsewhere
,,Diabetes Mellitus Type 1,E13.2+I79.2*,Other specified diabetes mellitus with renal complications/Peripheral angiopathy in diseases classified elsewhere
,,Diabetes Mellitus Type 1,E13.3,Other specified diabetes mellitus with ophthalmic complications
,,Diabetes Mellitus Type 1,E13.3+H28.0*,Other specified diabetes mellitus with ophthalmic complications/Diabetic cataract (E10-E14+ with common fourth character .3)
,,Diabetes Mellitus Type 1,E13.3+H36.0*,Other specified diabetes mellitus with ophthalmic complications/Diabetic retinopathy (E10-E14+ with common fourth character .3)
,,Diabetes Mellitus Type 1,E13.3+I79.2*,Other specified diabetes mellitus with ophthalmic complications/Peripheral angiopathy in diseases classified elsewhere
,,Diabetes Mellitus Type 1,E13.4,Other specified diabetes mellitus - With ophtalmic complication
,,Diabetes Mellitus Type 1,E13.4+G63.2*,Other specified diabetes mellitus with neurological complications/Diabetic polyneuropathy (E10-E14+ with common fourth character .4)
,,Diabetes Mellitus Type 1,E13.4+I79.2*,Other specified diabetes mellitus with neurological complications/Peripheral angiopathy in diseases classified elsewhere
,,Diabetes Mellitus Type 1,E13.6+I79.2*,Other specified diabetes mellitus with other specified complications/Peripheral angiopathy in diseases classified elsewhere
,,Diabetes Mellitus Type 1,E13.7+I79.2*,Other specified diabetes mellitus with multiple complications/Peripheral angiopathy in diseases classified elsewhere
,,Diabetes Mellitus Type 1,E13.8+I79.2*,Other specified diabetes mellitus with unspecified complications/Peripheral angiopathy in diseases classified elsewhere
,,Diabetes Mellitus Type 1,E13.9+I79.2*,Other specified diabetes mellitus without complications/Peripheral angiopathy in diseases classified elsewhere
,,Diabetes Mellitus Type 1,E14.2+I79.2*,Unspecified diabetes mellitus with renal complications/Peripheral angiopathy in diseases classified elsewhere
,,Diabetes Mellitus Type 1,E14.2+N08.3*,"Unspecified diabetes mellitus with renal complications/Unspecified diabeticnephropathy, intracapillary glomerulonephrosis, Kimmelstiel-Wilson syndrome"
,,Diabetes Mellitus Type 1,E14.3,Unspecified diabetes mellitus with renal complications
,,Diabetes Mellitus Type 1,E14.3+H28.0*,Unspecified diabetes mellitus - With ophtalmic complications / Diabetic cataract
,,Diabetes Mellitus Type 1,E14.3+H36.0*,Unspecified diabetes mellitus with ophthalmic complications/Diabetic retinopathy (E10-E14+ with common fourth character .3)
,,Diabetes Mellitus Type 1,E14.3+I79.2*,Unspecified diabetes mellitus with ophthalmic complications/Peripheral angiopathy in diseases classified elsewhere
,,Diabetes Mellitus Type 1,E14.4,Unspecified diabetes mellitus with ophthalmic complications
,,Diabetes Mellitus Type 1,E14.4+G63.2*,Unspecified diabetes mellitus with neurological complications/Diabetic polyneuropathy (E10-E14+ with common fourth character .4)
,,Diabetes Mellitus Type 1,E14.4+I79.2*,Unspecified diabetes mellitus with neurological complications/Peripheral angiopathy in diseases classified elsewhere
,,Diabetes Mellitus Type 1,E14.6+I79.2*,Unspecified diabetes mellitus with other specified complications/Peripheral angiopathy in diseases classified elsewhere
,,Diabetes Mellitus Type 1,E14.7+I79.2*,Unspecified diabetes mellitus with multiple complications/Peripheral angiopathy in diseases classified elsewhere
,,Diabetes Mellitus Type 1,E14.8+I79.2*,Unspecified diabetes mellitus with unspecified complications/Peripheral angiopathy in diseases classified elsewhere
,,Diabetes Mellitus Type 1,E14.9+I79.2*,Unspecified diabetes mellitus without complications/Peripheral angiopathy in diseases classified elsewhere
,,Diabetes Mellitus Type 1,O24.0,"Pre-existing diabetes mellitus, insulin-dependent"
,,Diabetes Mellitus Type 1,O24.2,Pre-existing malnutrition-related diabetes mellitus
,,Diabetes Mellitus Type 1,O24.3,"Pre-existing diabetes mellitus, unspecified"
,,Diabetes Mellitus Type 1,O24.4,Diabetes mellitus arising in pregnancy
,,Diabetes Mellitus Type 1,O24.9,"Diabetes mellitus in pregnancy, unspecified"
,,Diabetes Mellitus Type 2,E11.0,Non-insulin-dependent diabetes mellitus with coma
,,Diabetes Mellitus Type 2,E11.1,Non-insulin-dependent diabetes mellitus with ketoacidosis
,,Diabetes Mellitus Type 2,E11.2+I79.2*,Non-insulin-dependent diabetes mellitus with renal complications/Peripheral angiopathy in diseases classified elsewhere
,,Diabetes Mellitus Type 2,E11.2+N08.3*,"Non-insulin-dependent diabetes mellitus with renal complications/Insulin-dependent diabetic nephropathy, intracapillary glomerulonephrosis, Kimmelstiel-Wilson syndrome"
,,Diabetes Mellitus Type 2,E11.3+H28.0*,Non-insulin-dependent diabetes mellitus with ophthalmic complications/ Diabetic cataract
,,Diabetes Mellitus Type 2,E11.3+H36.0*,Non-insulin-dependent diabetes mellitus with ophthalmic complications/ Diabetic retinopathy
,,Diabetes Mellitus Type 2,E11.3+I79.2*,Non-insulin-dependent diabetes mellitus with ophthalmic complications/Peripheral angiopathy in diseases classified elsewhere
,,Diabetes Mellitus Type 2,E11.4+G59.0*,Non-insulin-dependent diabetes mellitus with neurological complications/ Diabetic mononeuropathy
,,Diabetes Mellitus Type 2,E11.4+G63.2*,Non-insulin-dependent diabetes mellitus with neurological complications/ Diabetic polyneuropathy
,,Diabetes Mellitus Type 2,E11.4+G73.0*,Non-insulin-dependent diabetes mellitus with neurological complications/ Diabetic amyotrophy
,,Diabetes Mellitus Type 2,E11.4+G99.0*,Non-insulin-dependent diabetes mellitus with neurological complications/Daibeteic autonomic neuropathy and or Diabetic autonomic polyneuropathy
,,Diabetes Mellitus Type 2,E11.4+I79.2*,Non-insulin-dependent diabetes mellitus with neurological complications/Peripheral angiopathy in diseases classified elsewhere
,,Diabetes Mellitus Type 2,E11.5,Non-insulin-dependent diabetes mellitus with peripheral circulatory complications
,,Diabetes Mellitus Type 2,E11.5+I79.2*,Non-insulin-dependent diabetes mellitus with peripheral circulatory complications/ Diabetic peripheral angiopathy
,,Diabetes Mellitus Type 2,E11.6,Non-insulin-dependent diabetes mellitus with other specified complications
,,Diabetes Mellitus Type 2,E11.6+I79.2*,Non-insulin-dependent diabetes mellitus with other specified complications/Peripheral angiopathy in diseases classified elsewhere
,,Diabetes Mellitus Type 2,E11.6+M14.2*,Non-insulin-dependent diabetes mellitus with other specified complications/Diabetic arthropathy
,,Diabetes Mellitus Type 2,E11.6+M14.6*,Non-insulin-dependent diabetes mellitus with other specified complications/Diabetic neuropathic arthropathyarthropathy
,,Diabetes Mellitus Type 2,E11.7,Non-insulin-dependent diabetes mellitus with multiple complications
,,Diabetes Mellitus Type 2,E11.7+I79.2*,Non-insulin-dependent diabetes mellitus with multiple complications/Peripheral angiopathy in diseases classified elsewhere
,,Diabetes Mellitus Type 2,E11.8,Non-insulin-dependent diabetes mellitus with unspecified complications
,,Diabetes Mellitus Type 2,E11.8+I79.2*,Non-insulin-dependent diabetes mellitus with unspecified complications/Peripheral angiopathy in diseases classified elsewhere
,,Diabetes Mellitus Type 2,E11.9,Non-insulin-dependent diabetes mellitus without complications
,,Diabetes Mellitus Type 2,E11.9+I79.2*,Non-insulin-dependent diabetes mellitus without complications/Peripheral angiopathy in diseases classified elsewhere
,,Diabetes Mellitus Type 2,E12.0,Malnutrition-related diabetes mellitus with coma
,,Diabetes Mellitus Type 2,E12.1,Malnutrition-related diabetes mellitus with ketoacidosis
,,Diabetes Mellitus Type 2,E12.2+N08.3*,"Malnutrition-related diabetes mellitus with renal complications/Insulin-dependent diabetic nephropathy, intracapillary glomerulonephrosis, Kimmelstiel-Wilson syndrome"
,,Diabetes Mellitus Type 2,E12.3+H28.0*,Malnutrition-related diabetes mellitus with ophthalmic complications/ Diabetic cataract
,,Diabetes Mellitus Type 2,E12.3+H36.0*,Malnutrition-related diabetes mellitus with ophthalmic complications/ Diabetic retinopathy
,,Diabetes Mellitus Type 2,E12.4+G59.0*,Malnutrition-relatedt diabetes mellitus with neurological complications/ Diabetic mononeuropathy
,,Diabetes Mellitus Type 2,E12.4+G63.2*,Malnutrition-relateddiabetes mellitus with neurological complications/ Diabetic polyneuropathy
,,Diabetes Mellitus Type 2,E12.4+G73.0*,Malnutrition-relateddiabetes mellitus with neurological complications/ Diabetic amyotrophy
,,Diabetes Mellitus Type 2,E12.4+G99.0*,Malnutrition-relateddiabetes mellitus with neurological complications/Daibeteic autonomic neuropathy and or Diabetic autonomic polyneuropathy
,,Diabetes Mellitus Type 2,E12.5,Malnutrition-related diabetes mellitus with peripheral circulatory complications
,,Diabetes Mellitus Type 2,E12.5+I79.2*,Malnutrition-related diabetes mellitus with peripheral circulatory complications/ Diabetic peripheral angiopathy
,,Diabetes Mellitus Type 2,E12.6,Malnutrition-related diabetes mellitus with other specified complications
,,Diabetes Mellitus Type 2,E12.6+M14.2*,Malnutrition-related  diabetes mellitus with other specified complications/Diabetic arthropathy
,,Diabetes Mellitus Type 2,E12.6+M14.6*,Malnutrition-related  diabetes mellitus with other specified complications/Diabetic neuropathic arthropathyarthropathy
,,Diabetes Mellitus Type 2,E12.7,Malnutrition-related diabetes mellitus with multiple complications
,,Diabetes Mellitus Type 2,E12.8,Malnutrition-related diabetes mellitus with unspecified complications
,,Diabetes Mellitus Type 2,E12.9,Malnutrition-related diabetes mellitus without complications
,,Diabetes Mellitus Type 2,O24.1,"Pre-existing diabetes mellitus, non-insulin-dependent"
,,Diabetes Mellitus Type 2,O24.2,Pre-existing malnutrition-related diabetes mellitus
,,Diabetes Mellitus Type 2,O24.3,"Pre-existing diabetes mellitus, unspecified"
,,Dysrhytmias,I47.2,Ventricular tachycardia
,,Dysrhytmias,I48.0,Paroxysmal atrial fibrillation
,,Dysrhytmias,I48.1,Persistent atrial fibrillation
,,Dysrhytmias,I48.2,Chronic atrial fibrillation
,,Dysrhytmias,I48.3,Typical atrial flutter
,,Dysrhytmias,I48.4,Atypical atrial flutter
,,Dysrhytmias,I48.9,"Atrial fibrillation and atrial flutter, unspecified"
,,Epilepsy,G40.0,Localization-related (focal)(partial) idiopathic epilepsy and epileptic syndromes with seizures of localized onset
,,Epilepsy,G40.1,Localization-related (focal)(partial) symptomatic epilepsy and epileptic syndromes with simple partial seizures
,,Epilepsy,G40.2,Localization-related (focal)(partial) symptomatic epilepsy and epileptic syndromes with complex partial seizures
,,Epilepsy,G40.3,Generalized idiopathic epilepsy and epileptic syndromes
,,Epilepsy,G40.4,Other generalized epilepsy and epileptic syndromes
,,Epilepsy,G40.5,Special epileptic syndromes
,,Epilepsy,G40.6,"Grand mal seizures, unspecified (with or without petit mal)"
,,Epilepsy,G40.7,"Petit mal, unspecified, without grand mal seizures"
,,Epilepsy,G40.8,Other epilepsy
,,Epilepsy,G40.9,"Epilepsy, unspecified"
,,Epilepsy,G41.0,Grand mal status epilepticus
,,Epilepsy,G41.1,Petit mal status epilepticus
,,Epilepsy,G41.2,Complex partial status epilepticus
,,Epilepsy,G41.8,Other status epilepticus
,,Epilepsy,G41.9,"Status epilepticus, unspecified"
,,Glaucoma,H40.0,Glaucoma suspect
,,Glaucoma,H40.1,Primary open-angle glaucoma
,,Glaucoma,H40.2,Primary angle-closure glaucoma
,,Glaucoma,H40.3,Glaucoma secondary to eye trauma
,,Glaucoma,H40.4,Glaucoma secondary to eye inflammation
,,Glaucoma,H40.5,Glaucoma secondary to other eye disorders
,,Glaucoma,H40.6,Glaucoma secondary to drugs
,,Glaucoma,H40.8,Other glaucoma
,,Glaucoma,H40.9,"Glaucoma, unspecified"
,,Glaucoma,H42.0,"Glaucoma in endocrine, nutritional and metabolic diseases"
,,Glaucoma,H42.8,Glaucoma in other diseases classified elsewhere
,,Glaucoma,Q15.0,Congenital glaucoma
,,Haemophilia,D66,Hereditary factor VIII deficiency
,,Haemophilia,D67,Hereditary factor IX deficiency
,,Hyperlipidaemia,E78.0,Pure hypercholesterolaemia
,,Hyperlipidaemia,E78.1,Pure hyperglyceridaemia
,,Hyperlipidaemia,E78.2,Mixed hyperlipidaemia
,,Hyperlipidaemia,E78.3,Hyperchylomicronaemia
,,Hyperlipidaemia,E78.4,Other hyperlipidaemia
,,Hyperlipidaemia,E78.5,"Hyperlipidaemia, unspecified"
,,Hypertension,I10,Essential (primary) hypertension
,,Hypertension,I11.0,Hypertensive heart disease with (congestive) heart failure
,,Hypertension,I11.9,Hypertensive heart disease without (congestive) heart failure
,,Hypertension,I12.0,Hypertensive renal disease with renal failure
,,Hypertension,I12.9,Hypertensive renal disease without renal failure
,,Hypertension,I13.0,Hypertensive heart and renal disease with (congestive) heart failure
,,Hypertension,I13.1,Hypertensive heart and renal disease with renal failure
,,Hypertension,I13.2,Hypertensive heart and renal disease with both (congestive) heart failure and renal failure
,,Hypertension,I13.9,"Hypertensive heart and renal disease, unspecified"
,,Hypertension,I15.0,Renovascular hypertension
,,Hypertension,I15.1,Hypertension secondary to other renal disorders
,,Hypertension,I15.2,Hypertension secondary to endocrine disorders
,,Hypertension,I15.8,Other secondary hypertension
,,Hypertension,I15.9,"Secondary hypertension, unspecified"
,,Hypertension,O10.0,"Pre-existing essential hypertension complicating pregnancy, childbirth and the puerperium"
,,Hypertension,O10.1,"Pre-existing hypertensive heart disease complicating pregnancy, childbirth and the puerperium"
,,Hypertension,O10.2,"Pre-existing hypertensive renal disease complicating pregnancy, childbirth and the puerperium"
,,Hypertension,O10.3,"Pre-existing hypertensive heart and renal disease complicating pregnancy, childbirth and the puerperium"
,,Hypertension,O10.4,"Pre-existing secondary hypertension complicating pregnancy, childbirth and the puerperium"
,,Hypertension,O10.9,"Unspecified pre-existing hypertension complicating pregnancy, childbirth and the puerperium"
,,Hypertension,O11,Pre-existing hypertensive disorder with superimposed proteinuria
,,Hypertension,O13,Gestational [pregnancy-induced] hypertension
,,Hypertension,O16,Unspecified maternal hypertension
,,Hypothyroidism,E01.8,Other iodine-deficiency-related thyroid disorders and allied conditions
,,Hypothyroidism,E02,Subclinical iodine-deficiency hypothyroidism
,,Hypothyroidism,E03.0,Congenital hypothyroidism with diffuse goitre
,,Hypothyroidism,E03.0+G13.2*,"Congenital hypothyroidism with diffuse goitre/Systemic atrophy primarily affecting central nervous system in myxoedema (E00.1+, E03.-+)"
,,Hypothyroidism,E03.1,Congenital hypothyroidism without goitre
,,Hypothyroidism,E03.1+G13.2*,"Congenital hypothyroidism without goitre/Systemic atrophy primarily affecting central nervous system in myxoedema (E00.1+, E03.-+)"
,,Hypothyroidism,E03.2,Hypothyroidism due to medicaments and other exogenous substances
,,Hypothyroidism,E03.2+G13.2*,"Hypothyroidism due to medicaments and other exogenous substances/Systemic atrophy primarily affecting central nervous system in myxoedema (E00.1+, E03.-+)"
,,Hypothyroidism,E03.3,Postinfectious hypothyroidism
,,Hypothyroidism,E03.3+G13.2*,"Postinfectious hypothyroidism/Systemic atrophy primarily affecting central nervous system in myxoedema (E00.1+, E03.-+)"
,,Hypothyroidism,E03.4,Atrophy of thyroid (acquired)
,,Hypothyroidism,E03.4+G13.2*,"Atrophy of thyroid (acquired)/Systemic atrophy primarily affecting central nervous system in myxoedema (E00.1+, E03.-+)"
,,Hypothyroidism,E03.5,Myxoedema coma
,,Hypothyroidism,E03.5+G13.2*,"Myxoedema coma/Systemic atrophy primarily affecting central nervous system in myxoedema (E00.1+, E03.-+)"
,,Hypothyroidism,E03.8,Other specified hypothyroidism
,,Hypothyroidism,E03.8+G13.2*,"Other specified hypothyroidism/Systemic atrophy primarily affecting central nervous system in myxoedema (E00.1+, E03.-+)"
,,Hypothyroidism,E03.9,"Hypothyroidism, unspecified"
,,Hypothyroidism,E03.9+G13.2*,"Hypothyroidism, unspecified/Systemic atrophy primarily affecting central nervous system in myxoedema (E00.1+, E03.-+)"
,,Hypothyroidism,E89.0,Postprocedural hypothyroidism
,,Multiple Sclerosis,G35,Multiple sclerosis
,,Multiple Sclerosis,G35+F02.8*,Multiple sclerosis/Dementia in other specified diseases classified elsewhere
,,Parkinson's Disease,G20,Parkinson's disease
,,Parkinson's Disease,G21.1,Other drug-induced secondary parkinsonism
,,Parkinson's Disease,G21.2,Secondary parkinsonism due to other external agents
,,Parkinson's Disease,G21.3,Postencephalitic parkinsonism
,,Parkinson's Disease,G21.4,Vascular parkinsonism 
,,Parkinson's Disease,G21.8,Other secondary parkinsonism
,,Parkinson's Disease,G21.9,"Secondary parkinsonism, unspecified"
,,Rheumatoid Arthritis,M05.00,"Felty's syndrome, multiple sites"
,,Rheumatoid Arthritis,M05.01,"Felty's syndrome, shoulder region"
,,Rheumatoid Arthritis,M05.02,"Felty's syndrome, upper arm"
,,Rheumatoid Arthritis,M05.03,"Felty's syndrome, forearm"
,,Rheumatoid Arthritis,M05.04,"Felty's syndrome, hand"
,,Rheumatoid Arthritis,M05.05,"Felty's syndrome, pelvic regiona nd thigh"
,,Rheumatoid Arthritis,M05.06,"Felty's syndrome, lower leg"
,,Rheumatoid Arthritis,M05.07,"Felty's syndrome, ankle and foot"
,,Rheumatoid Arthritis,M05.08,"Felty's syndrome, other site"
,,Rheumatoid Arthritis,M05.09,"Felty's syndrome, site unspecified"
,,Rheumatoid Arthritis,M05.10+J99.0*,"Rheumatoid lung disease , multiple sites "
,,Rheumatoid Arthritis,M05.11+J99.0*,"Rheumatoid lung disease , shoulder region"
,,Rheumatoid Arthritis,M05.12+J99.0*,"Rheumatoid lung disease , upper arm"
,,Rheumatoid Arthritis,M05.13+J99.0*,"Rheumatoid lung disease , forearm"
,,Rheumatoid Arthritis,M05.14+J99.0*,"Rheumatoid lung disease , hand"
,,Rheumatoid Arthritis,M05.15+J99.0*,"Rheumatoid lung disease , pelvic region and thigh"
,,Rheumatoid Arthritis,M05.16+J99.0*,"Rheumatoid lung disease , lower leg"
,,Rheumatoid Arthritis,M05.17+J99.0*,"Rheumatoid lung disease , ankle and foot"
,,Rheumatoid Arthritis,M05.18+J99.0*,"Rheumatoid lung disease , other sites"
,,Rheumatoid Arthritis,M05.19+J99.0*,"Rheumatoid lung disease , site unspecified"
,,Rheumatoid Arthritis,M05.20,"Rheumatoid vasculitis, multiple sites"
,,Rheumatoid Arthritis,M05.21,"Rheumatoid vasculitis, shoulder region"
,,Rheumatoid Arthritis,M05.22,"Rheumatoid vasculitis, upper arm"
,,Rheumatoid Arthritis,M05.23,"Rheumatoid vasculitis, forearm"
,,Rheumatoid Arthritis,M05.24,"Rheumatoid vasculitis, hand"
,,Rheumatoid Arthritis,M05.25,"Rheumatoid vasculitis, pelvic region and thigh"
,,Rheumatoid Arthritis,M05.26,"Rheumatoid vasculitis, lower leg"
,,Rheumatoid Arthritis,M05.27,"Rheumatoid vasculitis, ankle and foot"
,,Rheumatoid Arthritis,M05.28,"Rheumatoid vasculitis, other sites"
,,Rheumatoid Arthritis,M05.29,"Rheumatoid vasculitis, site unspecified"
,,Rheumatoid Arthritis,M05.30+ I52.8*,"Rheumatoid arthritis with involvement of other organs and systems, multiple sites/ Rheumatoid carditis"
,,Rheumatoid Arthritis,M05.30+G63.6*,"Rheumatoid arthritis with involvement of other organs and systems, multiple sites/ Theumatoid polyneuropathy"
,,Rheumatoid Arthritis,M05.30+G73.7*,"Rheumatoid arthritis with involvement of other organs and systems, multiple sites/ Theumatoid myopathy"
,,Rheumatoid Arthritis,M05.30+I32.8*,"Rheumatoid arthritis with involvement of other organs and systems, multiple sites/ Rheumatoid pericarditis"
,,Rheumatoid Arthritis,M05.30+I39.0*,"Rheumatoid arthritis with involvement of other organs and systems, multiple sites/ Mitral valve disorders in diseases clasified elsewhere"
,,Rheumatoid Arthritis,M05.30+I39.1*,"Rheumatoid arthritis with involvement of other organs and systems, multiple sites/ Aortic valve disorders in diseases clasified elsewhere"
,,Rheumatoid Arthritis,M05.30+I39.2*,"Rheumatoid arthritis with involvement of other organs and systems, multiple sites/Tricuspid valve disorders in diseases classified elsewhere"
,,Rheumatoid Arthritis,M05.30+I39.3*,"Rheumatoid arthritis with involvement of other organs and systems, multiple sites/Pulmonary  valve disorders in diseases clasified elsewhere"
,,Rheumatoid Arthritis,M05.30+I39.4*,"Rheumatoid arthritis with involvement of other organs and systems, multiple sites/Multiple valve disorders in diseases clasified elsewhere"
,,Rheumatoid Arthritis,M05.30+I39.8*,"Rheumatoid arthritis with involvement of other organs and systems, multiple sites/Endocarditis, valve unspecified, in diseases classified elsewhere"
,,Rheumatoid Arthritis,M05.30+I41.8*,"Rheumatoid arthritis with involvement of other organs and systems, multiple sites/ Rheumatoid myocarditis"
,,Rheumatoid Arthritis,M05.30+I52.8*,"Rheumatoid arthritis with involvement of other organs and systems, multiple sites/Other heart disorders in other diseases classified elsewhere"
,,Rheumatoid Arthritis,M05.31+G63.6*,"Rheumatoid arthritis with involvement of other organs and systems,Shoulder region/Rheumatoid polyneuropathy"
,,Rheumatoid Arthritis,M05.31+G73.7*,"Rheumatoid arthritis with involvement of other organs and systems, Shoulder region/ Rheumatoid myopathy"
,,Rheumatoid Arthritis,M05.31+I32.8*,"Rheumatoid arthritis with involvement of other organs and systems, Shoulder region/ Rheumatoid pericarditis"
,,Rheumatoid Arthritis,M05.31+I39.0*,"Rheumatoid arthritis with involvement of other organs and systems, Shoulder region/ Mitral valve disorders in diseases clasified elsewhere"
,,Rheumatoid Arthritis,M05.31+I39.1*,"Rheumatoid arthritis with involvement of other organs and systems,Shoulder region/ Aortic valve disorders in diseases clasified elsewhere"
,,Rheumatoid Arthritis,M05.31+I39.2*,"Rheumatoid arthritis with involvement of other organs and systems,Shoulder region/Triscuspid valve disorders in diseases clasified elsewhere"
,,Rheumatoid Arthritis,M05.31+I39.3*,"Rheumatoid arthritis with involvement of other organs and systems, Shoulder region/Pulmonary  valve disorders in diseases clasified elsewhere"
,,Rheumatoid Arthritis,M05.31+I39.4*,"Rheumatoid arthritis with involvement of other organs and systems, Shoulder region/Multiple valve disorders in diseases clasified elsewhere"
,,Rheumatoid Arthritis,M05.31+I39.8*,"Rheumatoid arthritis with involvement of other organs and systems,Shoulder region/Endocarditis, valve unspecified,in diseases clasified elsewhere"
,,Rheumatoid Arthritis,M05.31+I41.8*,"Rheumatoid arthritis with involvement of other organs and systems, Shoulder region/ Rheumatoid myocarditis"
,,Rheumatoid Arthritis,M05.31+I52.8*,"Rheumatoid arthritis with involvement of other organs and systems, shoulder region/Other heart disorders in other diseases classified elsewhere"
,,Rheumatoid Arthritis,M05.32+G63.6*,"Rheumatoid arthritis with involvement of other organs and systems,Upper arm/Rheumatoid polyneuropathy"
,,Rheumatoid Arthritis,M05.32+G73.7*,"Rheumatoid arthritis with involvement of other organs and systems, Upper arm/ Rheumatoid myopathy"
,,Rheumatoid Arthritis,M05.32+I32.8*,"Rheumatoid arthritis with involvement of other organs and systems, Upper arm/ Rheumatoid pericarditis"
,,Rheumatoid Arthritis,M05.32+I39.0*,"Rheumatoid arthritis with involvement of other organs and systems, Upper arm/ Mitral valve disorders in diseases clasified elsewhere"
,,Rheumatoid Arthritis,M05.32+I39.1*,"Rheumatoid arthritis with involvement of other organs and systems,Upper arm/ Aortic valve disorders in diseases clasified elsewhere"
,,Rheumatoid Arthritis,M05.32+I39.2*,"Rheumatoid arthritis with involvement of other organs and systems,Upper arm/Triscuspid valve disorders in diseases clasified elsewhere"
,,Rheumatoid Arthritis,M05.32+I39.3*,"Rheumatoid arthritis with involvement of other organs and systems,Upper arm/Pulmonary  valve disorders in diseases clasified elsewhere"
,,Rheumatoid Arthritis,M05.32+I39.4*,"Rheumatoid arthritis with involvement of other organs and systems, Upper arm/Multiple valve disorders in diseases clasified elsewhere"
,,Rheumatoid Arthritis,M05.32+I39.8*,"Rheumatoid arthritis with involvement of other organs and systems,Upper arm/Endocarditis, valve unspecified,in diseases clasified elsewhere"
,,Rheumatoid Arthritis,M05.32+I41.8*,"Rheumatoid arthritis with involvement of other organs and systems, Upper arm/ Rheumatoid myocarditis"
,,Rheumatoid Arthritis,M05.32+I52.8*,"Rheumatoid arthritis with involvement of other organs and systems, upper arm/Other heart disorders in other diseases classified elsewhere"
,,Rheumatoid Arthritis,M05.33+ I52.8*,"Rheumatoid arthritis with involvement of other organs and systems,Forearm/Rheumatoid carditis"
,,Rheumatoid Arthritis,M05.33+G63.6*,"Rheumatoid arthritis with involvement of other organs and systems,Forearm/Rheumatoid polyneuropathy"
,,Rheumatoid Arthritis,M05.33+G73.7*,"Rheumatoid arthritis with involvement of other organs and systems, Forearm/ Rheumatoid myopathy"
,,Rheumatoid Arthritis,M05.33+I32.8*,"Rheumatoid arthritis with involvement of other organs and systems, Forearm/ Rheumatoid pericarditis"
,,Rheumatoid Arthritis,M05.33+I39.0*,"Rheumatoid arthritis with involvement of other organs and systems, Forearm/ Mitral valve disorders in diseases clasified elsewhere"
,,Rheumatoid Arthritis,M05.33+I39.1*,"Rheumatoid arthritis with involvement of other organs and systems,Forearm/ Aortic valve disorders in diseases clasified elsewhere"
,,Rheumatoid Arthritis,M05.33+I39.2*,"Rheumatoid arthritis with involvement of other organs and systems,ForearmTriscuspid valve disorders in diseases clasified elsewhere"
,,Rheumatoid Arthritis,M05.33+I39.3*,"Rheumatoid arthritis with involvement of other organs and systems,Forearm/Pulmonary  valve disorders in diseases clasified elsewhere"
,,Rheumatoid Arthritis,M05.33+I39.4*,"Rheumatoid arthritis with involvement of other organs and systems, Forearm/Multiple valve disorders in diseases clasified elsewhere"
,,Rheumatoid Arthritis,M05.33+I39.8*,"Rheumatoid arthritis with involvement of other organs and systems,Forearm/Endocarditis, valve unspecified,in diseases clasified elsewhere"
,,Rheumatoid Arthritis,M05.33+I41.8*,"Rheumatoid arthritis with involvement of other organs and systems, Forearm Rheumatoid myocarditis"
,,Rheumatoid Arthritis,M05.33+I52.8*,"Rheumatoid arthritis with involvement of other organs and systems, forearm/Other heart disorders in other diseases classified elsewhere"
,,Rheumatoid Arthritis,M05.34+G63.6*,"Rheumatoid arthritis with involvement of other organs and systems,Hand /Rheumatoid polyneuropathy"
,,Rheumatoid Arthritis,M05.34+G73.7*,"Rheumatoid arthritis with involvement of other organs and systems, Hand / Rheumatoid myopathy"
,,Rheumatoid Arthritis,M05.34+I32.8*,"Rheumatoid arthritis with involvement of other organs and systems, Hand / Rheumatoid pericarditis"
,,Rheumatoid Arthritis,M05.34+I39.0*,"Rheumatoid arthritis with involvement of other organs and systems, Hand / Mitral valve disorders in diseases clasified elsewhere"
,,Rheumatoid Arthritis,M05.34+I39.1*,"Rheumatoid arthritis with involvement of other organs and systems,Hand / Aortic valve disorders in diseases clasified elsewhere"
,,Rheumatoid Arthritis,M05.34+I39.2*,"Rheumatoid arthritis with involvement of other organs and systems,Hand /Triscuspid valve disorders in diseases clasified elsewhere"
,,Rheumatoid Arthritis,M05.34+I39.3*,"Rheumatoid arthritis with involvement of other organs and systems,Hand /Pulmonary  valve disorders in diseases clasified elsewhere"
,,Rheumatoid Arthritis,M05.34+I39.4*,"Rheumatoid arthritis with involvement of other organs and systems, Hand /Multiple valve disorders in diseases clasified elsewhere"
,,Rheumatoid Arthritis,M05.34+I39.8*,"Rheumatoid arthritis with involvement of other organs and systems,Hand /Endocarditis, valve unspecified,in diseases clasified elsewhere"
,,Rheumatoid Arthritis,M05.34+I41.8*,"Rheumatoid arthritis with involvement of other organs and systems, Hand Rheumatoid myocarditis"
,,Rheumatoid Arthritis,M05.34+I52.8*,"Rheumatoid arthritis with involvement of other organs and systems, hand/Other heart disorders in other diseases classified elsewhere"
,,Rheumatoid Arthritis,M05.35+G63.6*,"Rheumatoid arthritis with involvement of other organs and systems,Pelvic region and thigh/Rheumatoid polyneuropathy"
,,Rheumatoid Arthritis,M05.35+G73.7*,"Rheumatoid arthritis with involvement of other organs and systems, Pelvic region and thigh / Rheumatoid myopathy"
,,Rheumatoid Arthritis,M05.35+I32.8*,"Rheumatoid arthritis with involvement of other organs and systems, Pelvic region and thigh / Rheumatoid pericarditis"
,,Rheumatoid Arthritis,M05.35+I39.0*,"Rheumatoid arthritis with involvement of other organs and systems, Pelvic region and thigh/ Mitral valve disorders in diseases clasified elsewhere"
,,Rheumatoid Arthritis,M05.35+I39.1*,"Rheumatoid arthritis with involvement of other organs and systems,Pelvic region and thigh / Aortic valve disorders in diseases clasified elsewhere"
,,Rheumatoid Arthritis,M05.35+I39.2*,"Rheumatoid arthritis with involvement of other organs and systems,Pelvic region and thigh/Triscuspid valve disorders in diseases clasified elsewhere"
,,Rheumatoid Arthritis,M05.35+I39.3*,"Rheumatoid arthritis with involvement of other organs and systems,Pelvic region and thigh/Pulmonary  valve disorders in diseases clasified elsewhere"
,,Rheumatoid Arthritis,M05.35+I39.4*,"Rheumatoid arthritis with involvement of other organs and systems, Pelvic region and thigh/Multiple valve disorders in diseases clasified elsewhere"
,,Rheumatoid Arthritis,M05.35+I39.8*,"Rheumatoid arthritis with involvement of other organs and systems,Pelvic region and thigh /Endocarditis, valve unspecified,in diseases clasified elsewhere"
,,Rheumatoid Arthritis,M05.35+I41.8*,"Rheumatoid arthritis with involvement of other organs and systems, Pelvic region and thigh Rheumatoid myocarditis"
,,Rheumatoid Arthritis,M05.35+I52.8*,"Rheumatoid arthritis with involvement of other organs and systems, pelvic region and thigh/Other heart disorders in other diseases classified elsewhere"
,,Rheumatoid Arthritis,M05.36+ I52.8*,"Rheumatoid arthritis with involvement of other organs and systems,Lower leg /Rheumatoid carditis"
,,Rheumatoid Arthritis,M05.36+39.2*,"Rheumatoid arthritis with involvement of other organs and systems,Lower leg /Triscuspid valve disorders in diseases clasified elsewhere"
,,Rheumatoid Arthritis,M05.36+G63.6*,"Rheumatoid arthritis with involvement of other organs and systems,Lower leg /Rheumatoid polyneuropathy"
,,Rheumatoid Arthritis,M05.36+G73.7*,"Rheumatoid arthritis with involvement of other organs and systems, Lower leg / Rheumatoid myopathy"
,,Rheumatoid Arthritis,M05.36+I32.8*,"Rheumatoid arthritis with involvement of other organs and systems, Lower leg  / Rheumatoid pericarditis"
,,Rheumatoid Arthritis,M05.36+I39.0*,"Rheumatoid arthritis with involvement of other organs and systems, Lower leg / Mitral valve disorders in diseases clasified elsewhere"
,,Rheumatoid Arthritis,M05.36+I39.1*,"Rheumatoid arthritis with involvement of other organs and systems,Lower leg  / Aortic valve disorders in diseases clasified elsewhere"
,,Rheumatoid Arthritis,M05.36+I39.3*,"Rheumatoid arthritis with involvement of other organs and systems,Lower leg /Pulmonary  valve disorders in diseases clasified elsewhere"
,,Rheumatoid Arthritis,M05.36+I39.4*,"Rheumatoid arthritis with involvement of other organs and systems, Lower leg Multiple valve disorders in diseases clasified elsewhere"
,,Rheumatoid Arthritis,M05.36+I39.8*,"Rheumatoid arthritis with involvement of other organs and systems,Lower leg /Endocarditis, valve unspecified,in diseases clasified elsewhere"
,,Rheumatoid Arthritis,M05.36+I41.8*,"Rheumatoid arthritis with involvement of other organs and systems, Lower leg  Rheumatoid myocarditis"
,,Rheumatoid Arthritis,M05.36+I52.8*,"Rheumatoid arthritis with involvement of other organs and systems, lower leg/Other heart disorders in other diseases classified elsewhere"
,,Rheumatoid Arthritis,M05.37+G63.6*,"Rheumatoid arthritis with involvement of other organs and systems,Ankle and foot /Rheumatoid polyneuropathy"
,,Rheumatoid Arthritis,M05.37+G73.7*,"Rheumatoid arthritis with involvement of other organs and systems, Ankle and foot/ Rheumatoid myopathy"
,,Rheumatoid Arthritis,M05.37+I32.8*,"Rheumatoid arthritis with involvement of other organs and systems, Ankle and foot / Rheumatoid pericarditis"
,,Rheumatoid Arthritis,M05.37+I39.0*,"Rheumatoid arthritis with involvement of other organs and systems, Ankle and foot / Mitral valve disorders in diseases clasified elsewhere"
,,Rheumatoid Arthritis,M05.37+I39.1*,"Rheumatoid arthritis with involvement of other organs and systems,Ankle and foot / Aortic valve disorders in diseases clasified elsewhere"
,,Rheumatoid Arthritis,M05.37+I39.2*,"Rheumatoid arthritis with involvement of other organs and systems,Ankle and foot /Triscuspid valve disorders in diseases clasified elsewhere"
,,Rheumatoid Arthritis,M05.37+I39.3*,"Rheumatoid arthritis with involvement of other organs and systems,Ankle and foot /Pulmonary  valve disorders in diseases clasified elsewhere"
,,Rheumatoid Arthritis,M05.37+I39.4*,"Rheumatoid arthritis with involvement of other organs and systems, Ankle and foot/ Multiple valve disorders in diseases clasified elsewhere"
,,Rheumatoid Arthritis,M05.37+I39.8*,"Rheumatoid arthritis with involvement of other organs and systems,Ankle and foot /Endocarditis, valve unspecified,in diseases clasified elsewhere"
,,Rheumatoid Arthritis,M05.37+I41.8*,"Rheumatoid arthritis with involvement of other organs and systems, Ankle and foot/ Rheumatoid myocarditis"
,,Rheumatoid Arthritis,M05.37+I52.8*,"Rheumatoid arthritis with involvement of other organs and systems, ankle and foot/Other heart disorders in other diseases classified elsewhere"
,,Rheumatoid Arthritis,M05.38+G63.6*,"Rheumatoid arthritis with involvement of other organs and systems,Other site//Rheumatoid polyneuropathy"
,,Rheumatoid Arthritis,M05.38+G73.7*,"Rheumatoid arthritis with involvement of other organs and systems, Other site// Rheumatoid myopathy"
,,Rheumatoid Arthritis,M05.38+I32.8*,"Rheumatoid arthritis with involvement of other organs and systems, Other site/ Rheumatoid pericarditis"
,,Rheumatoid Arthritis,M05.38+I39.0*,"Rheumatoid arthritis with involvement of other organs and systems, Other site/ / Mitral valve disorders in diseases clasified elsewhere"
,,Rheumatoid Arthritis,M05.38+I39.1*,"Rheumatoid arthritis with involvement of other organs and systems,Other site/ / Aortic valve disorders in diseases clasified elsewhere"
,,Rheumatoid Arthritis,M05.38+I39.2*,"Rheumatoid arthritis with involvement of other organs and systems,Other site//Triscuspid valve disorders in diseases clasified elsewhere"
,,Rheumatoid Arthritis,M05.38+I39.3*,"Rheumatoid arthritis with involvement of other organs and systems,Other site/ /Pulmonary  valve disorders in diseases clasified elsewhere"
,,Rheumatoid Arthritis,M05.38+I39.4*,"Rheumatoid arthritis with involvement of other organs and systems, Other site// Multiple valve disorders in diseases clasified elsewhere"
,,Rheumatoid Arthritis,M05.38+I39.8*,"Rheumatoid arthritis with involvement of other organs and systems,Other site//Endocarditis, valve unspecified,in diseases clasified elsewhere"
,,Rheumatoid Arthritis,M05.38+I41.8*,"Rheumatoid arthritis with involvement of other organs and systems, Other site// Rheumatoid myocarditis"
,,Rheumatoid Arthritis,M05.38+I52.8*,"Rheumatoid arthritis with involvement of other organs and systems, other site/Other heart disorders in other diseases classified elsewhere"
,,Rheumatoid Arthritis,M05.39+G63.6*,"Rheumatoid arthritis with involvement of other organs and systems,Site unspecified /Rheumatoid polyneuropathy"
,,Rheumatoid Arthritis,M05.39+G73.7*,"Rheumatoid arthritis with involvement of other organs and systems, Site unspecified // Rheumatoid myopathy"
,,Rheumatoid Arthritis,M05.39+I32.8*,"Rheumatoid arthritis with involvement of other organs and systems,Site unspecified / / Rheumatoid pericarditis"
,,Rheumatoid Arthritis,M05.39+I39.0*,"Rheumatoid arthritis with involvement of other organs and systems, Site unspecified  / Mitral valve disorders in diseases clasified elsewhere"
,,Rheumatoid Arthritis,M05.39+I39.1*,"Rheumatoid arthritis with involvement of other organs and systems,Site unspecified  / Aortic valve disorders in diseases clasified elsewhere"
,,Rheumatoid Arthritis,M05.39+I39.2*,"Rheumatoid arthritis with involvement of other organs and systems,Site unspecified /Triscuspid valve disorders in diseases clasified elsewhere"
,,Rheumatoid Arthritis,M05.39+I39.3*,"Rheumatoid arthritis with involvement of other organs and systems,Site unspecified / /Pulmonary  valve disorders in diseases clasified elsewhere"
,,Rheumatoid Arthritis,M05.39+I39.4*,"Rheumatoid arthritis with involvement of other organs and systems, Site unspecified / Multiple valve disorders in diseases clasified elsewhere"
,,Rheumatoid Arthritis,M05.39+I39.8*,"Rheumatoid arthritis with involvement of other organs and systems,Site unspecified //Endocarditis, valve unspecified,in diseases clasified elsewhere"
,,Rheumatoid Arthritis,M05.39+I41.8*,"Rheumatoid arthritis with involvement of other organs and systems, Site unspecified // Rheumatoid myocarditis"
,,Rheumatoid Arthritis,M05.39+I52.8*,"Rheumatoid arthritis with involvement of other organs and systems, site unspecified/Other heart disorders in other diseases classified elsewhere"
,,Rheumatoid Arthritis,M05.80,"Other seropositive rheumatoid arthritis, multiple sites"
,,Rheumatoid Arthritis,M05.81,"Other seropositive rheumatoid arthritis, shoulder region"
,,Rheumatoid Arthritis,M05.82,"Other seropositive rheumatoid arthritis, upper arm"
,,Rheumatoid Arthritis,M05.83,"Other seropositive rheumatoid arthritis, forearm"
,,Rheumatoid Arthritis,M05.84,"Other seropositive rheumatoid arthritis, hand"
,,Rheumatoid Arthritis,M05.85,"Other seropositive rheumatoid arthritis, pelvic region and thigh"
,,Rheumatoid Arthritis,M05.86,"Other seropositive rheumatoid arthritis, lower leg"
,,Rheumatoid Arthritis,M05.87,"Other seropositive rheumatoid arthritis, ankle and foot"
,,Rheumatoid Arthritis,M05.88,"Other seropositive rheumatoid arthritis, other sites"
,,Rheumatoid Arthritis,M05.89,"Other seropositive rheumatoid arthritis, site unspecified"
,,Rheumatoid Arthritis,M05.90,"Seropositive rheumatoid arthritis, unspecified, multiple sites"
,,Rheumatoid Arthritis,M05.91,"Seropositive rheumatoid arthritis, unspecified, shoulder region"
,,Rheumatoid Arthritis,M05.92,"Seropositive rheumatoid arthritis, unspecified, upper arm"
,,Rheumatoid Arthritis,M05.93,"Seropositive rheumatoid arthritis, unspecified, forearm"
,,Rheumatoid Arthritis,M05.94,"Seropositive rheumatoid arthritis, unspecified, hand"
,,Rheumatoid Arthritis,M05.95,"Seropositive rheumatoid arthritis, unspecified, pelvic region and thigh"
,,Rheumatoid Arthritis,M05.96,"Seropositive rheumatoid arthritis, unspecified, lower leg"
,,Rheumatoid Arthritis,M05.97,"Seropositive rheumatoid arthritis, unspecified, ankle and foot"
,,Rheumatoid Arthritis,M05.98,"Seropositive rheumatoid arthritis, unspecified, other sites"
,,Rheumatoid Arthritis,M05.99,"Seropositive rheumatoid arthritis, unspecified, site unspecified"
,,Rheumatoid Arthritis,M06.00,"Seronegative rheumatoid arthritis, multiple sites"
,,Rheumatoid Arthritis,M06.01,"Seronegative rheumatoid arthritis, shoulder region"
,,Rheumatoid Arthritis,M06.02,"Seronegative rheumatoid arthritis, upper arm"
,,Rheumatoid Arthritis,M06.03,"Seronegative rheumatoid arthritis, forearm"
,,Rheumatoid Arthritis,M06.04,"Seronegative rheumatoid arthritis, hand"
,,Rheumatoid Arthritis,M06.05,"Seronegative rheumatoid arthritis, pelvic region and thigh"
,,Rheumatoid Arthritis,M06.06,"Seronegative rheumatoid arthritis, lower leg"
,,Rheumatoid Arthritis,M06.07,"Seronegative rheumatoid arthritis, ankle and foot"
,,Rheumatoid Arthritis,M06.08,"Seronegative rheumatoid arthritis, other sites"
,,Rheumatoid Arthritis,M06.09,"Seronegative rheumatoid arthritis, site unspecified"
,,Rheumatoid Arthritis,M06.10,"Adult-onset Still's disease, multiple sites"
,,Rheumatoid Arthritis,M06.11,"Adult-onset Still's disease, shoulder region"
,,Rheumatoid Arthritis,M06.12,"Adult-onset Still's disease, upper arm"
,,Rheumatoid Arthritis,M06.13,"Adult-onset Still's disease, forearm"
,,Rheumatoid Arthritis,M06.14,"Adult-onset Still's disease, hand"
,,Rheumatoid Arthritis,M06.15,"Adult-onset Still's disease, pelvic region and thigh"
,,Rheumatoid Arthritis,M06.16,"Adult-onset Still's disease, lower leg"
,,Rheumatoid Arthritis,M06.17,"Adult-onset Still's disease, ankle and foot"
,,Rheumatoid Arthritis,M06.18,"Adult-onset Still's disease, other sites"
,,Rheumatoid Arthritis,M06.19,"Adult-onset Still's disease, site unspecified"
,,Rheumatoid Arthritis,M06.20,"Rheumatoid bursitis, multiple sites"
,,Rheumatoid Arthritis,M06.21,"Rheumatoid bursitis, shoulder region"
,,Rheumatoid Arthritis,M06.22,"Rheumatoid bursitis, upper arm"
,,Rheumatoid Arthritis,M06.23,"Rheumatoid bursitis, forearm"
,,Rheumatoid Arthritis,M06.24,"Rheumatoid bursitis, hand"
,,Rheumatoid Arthritis,M06.25,"Rheumatoid bursitis, pelvic region and thigh"
,,Rheumatoid Arthritis,M06.26,"Rheumatoid bursitis, lower leg"
,,Rheumatoid Arthritis,M06.27,"Rheumatoid bursitis, ankle and foot"
,,Rheumatoid Arthritis,M06.28,"Rheumatoid bursitis, other sites"
,,Rheumatoid Arthritis,M06.29,"Rheumatoid bursitis, site unspecified"
,,Rheumatoid Arthritis,M06.30,"Rheumatoid nodule, multiple sites"
,,Rheumatoid Arthritis,M06.31,"Rheumatoid nodule, shoulder region"
,,Rheumatoid Arthritis,M06.32,"Rheumatoid nodule, upper arm"
,,Rheumatoid Arthritis,M06.33,"Rheumatoid nodule, forearm"
,,Rheumatoid Arthritis,M06.34,"Rheumatoid nodule, hand"
,,Rheumatoid Arthritis,M06.35,"Rheumatoid nodule, pelvic region and thigh"
,,Rheumatoid Arthritis,M06.36,"Rheumatoid nodule, lower leg"
,,Rheumatoid Arthritis,M06.37,"Rheumatoid nodule, ankle and foor"
,,Rheumatoid Arthritis,M06.38,"Rheumatoid nodule, other sites"
,,Rheumatoid Arthritis,M06.39,"Rheumatoid nodule, site unspecified"
,,Rheumatoid Arthritis,M06.40,"Inflammatory polyarthropathy, multiple sites"
,,Rheumatoid Arthritis,M06.41,"Inflammatory polyarthropathy, shoulder region"
,,Rheumatoid Arthritis,M06.42,"Inflammatory polyarthropathy, upper arm"
,,Rheumatoid Arthritis,M06.43,"Inflammatory polyarthropathy, forearm"
,,Rheumatoid Arthritis,M06.44,"Inflammatory polyarthropathy, hand"
,,Rheumatoid Arthritis,M06.45,"Inflammatory polyarthropathy, pelvic region and thigh"
,,Rheumatoid Arthritis,M06.46,"Inflammatory polyarthropathy, lower leg"
,,Rheumatoid Arthritis,M06.47,"Inflammatory polyarthropathy, ankle and foot"
,,Rheumatoid Arthritis,M06.48,"Inflammatory polyarthropathy, other sites"
,,Rheumatoid Arthritis,M06.49,"Inflammatory polyarthropathy, site unspecified"
,,Rheumatoid Arthritis,M06.80,"Other specified rheumatoid arthritis, multiple sites"
,,Rheumatoid Arthritis,M06.81,"Other specified rheumatoid arthritis, shoulder region"
,,Rheumatoid Arthritis,M06.82,"Other specified rheumatoid arthritis, upper arm"
,,Rheumatoid Arthritis,M06.83,"Other specified rheumatoid arthritis, forearm"
,,Rheumatoid Arthritis,M06.84,"Other specified rheumatoid arthritis, hand"
,,Rheumatoid Arthritis,M06.85,"Other specified rheumatoid arthritis, pelvic region and thigh"
,,Rheumatoid Arthritis,M06.86,"Other specified rheumatoid arthritis, lower leg"
,,Rheumatoid Arthritis,M06.87,"Other specified rheumatoid arthritis, ankle and foot"
,,Rheumatoid Arthritis,M06.88,"Other specified rheumatoid arthritis, other sites"
,,Rheumatoid Arthritis,M06.89,"Other specified rheumatoid arthritis, site unspecified"
,,Rheumatoid Arthritis,M06.90,"Rheumatoid arthritis, unspecified, multiple sites"
,,Rheumatoid Arthritis,M06.91,"Rheumatoid arthritis, unspecified, shoulder region"
,,Rheumatoid Arthritis,M06.92,"Rheumatoid arthritis, unspecified, upper arm"
,,Rheumatoid Arthritis,M06.93,"Rheumatoid arthritis, unspecified, forearm"
,,Rheumatoid Arthritis,M06.94,"Rheumatoid arthritis, unspecified, hand"
,,Rheumatoid Arthritis,M06.95,"Rheumatoid arthritis, unspecified, pelvic region and thigh"
,,Rheumatoid Arthritis,M06.96,"Rheumatoid arthritis, unspecified, lower leg"
,,Rheumatoid Arthritis,M06.97,"Rheumatoid arthritis, unspecified, ankle and foot"
,,Rheumatoid Arthritis,M06.98,"Rheumatoid arthritis, unspecified, other sites"
,,Rheumatoid Arthritis,M06.99,"Rheumatoid arthritis, unspecified, site unspecified"
,,Rheumatoid Arthritis,M08.00,"Juvenile rheumatoid arthritis, multiple sites"
,,Rheumatoid Arthritis,M08.01,"Juvenile rheumatoid arthritis, shoulder region"
,,Rheumatoid Arthritis,M08.02,"Juvenile rheumatoid arthritis, upper arm"
,,Rheumatoid Arthritis,M08.03,"Juvenile rheumatoid arthritis, forearm"
,,Rheumatoid Arthritis,M08.04,"Juvenile rheumatoid arthritis, hand"
,,Rheumatoid Arthritis,M08.05,"Juvenile rheumatoid arthritis, pelvic region and thigh"
,,Rheumatoid Arthritis,M08.06,"Juvenile rheumatoid arthritis, lower leg"
,,Rheumatoid Arthritis,M08.07,"Juvenile rheumatoid arthritis, ankle and foot"
,,Rheumatoid Arthritis,M08.08,"Juvenile rheumatoid arthritis, other sites"
,,Rheumatoid Arthritis,M08.09,"Juvenile rheumatoid arthritis, site unspecified"
,,Rheumatoid Arthritis,J99.0,Rheumatoid lung disease (M05.1+)
,,Schizophrenia,F20.0,Paranoid schizophrenia
,,Schizophrenia,F20.1,Hebephrenic schizophrenia
,,Schizophrenia,F20.2,Catatonic schizophrenia
,,Schizophrenia,F20.3,Undifferentiated schizophrenia
,,Schizophrenia,F20.4,Post-schizophrenic depression
,,Schizophrenia,F20.5,Residual schizophrenia
,,Schizophrenia,F20.6,Simple schizophrenia
,,Schizophrenia,F20.8,Other schizophrenia
,,Schizophrenia,F20.9,"Schizophrenia, unspecified"
,,Systemic Lupus Erythematosus,L93.0,Discoid lupus erythematosus
,,Systemic Lupus Erythematosus,L93.1,Subacute cutaneous lupus erythematosus
,,Systemic Lupus Erythematosus,L93.2,Other local lupus erythematosus
,,Systemic Lupus Erythematosus,M32.0,Drug-induced systemic lupus erythematosus
,,Systemic Lupus Erythematosus,M32.1+I32.8*,Systemic lupus erythematosus with organ or system involvement/ Lupus pericarditis
,,Systemic Lupus Erythematosus,M32.1+I39.0*,Systemic lupus erythematosus with organ or system involvement/ Libman-sack's disease
,,Systemic Lupus Erythematosus,M32.1+I39.1*,Systemic lupus erythematosus with organ or system involvement/ Libman-sack's disease
,,Systemic Lupus Erythematosus,M32.1+I39.2*,Systemic lupus erythematosus with organ or system involvement/ Libman-sack's disease
,,Systemic Lupus Erythematosus,M32.1+I39.3*,Systemic lupus erythematosus with organ or system involvement/ Libman-sack's disease
,,Systemic Lupus Erythematosus,M32.1+I39.4*,Systemic lupus erythematosus with organ or system involvement/ Libman-sack's disease
,,Systemic Lupus Erythematosus,M32.1+I39.8*,Systemic lupus erythematosus with organ or system involvement/ Libman-sack's disease
,,Systemic Lupus Erythematosus,M32.1+J99.1*,Systemic lupus erythematosus with organ or system involvement/ Systemic lupus erythematosus with lung involvement
,,Systemic Lupus Erythematosus,M32.1+N08.5*,Systemic lupus erythematosus with organ or system involvement/Glomerular disorders in systemic connective tissue disorders
,,Systemic Lupus Erythematosus,M32.1+N16.4*,Systemic lupus erythematosus with organ or system involvement/ Renal tubulo-interstitial disorders in connective tissue disorders
,,Systemic Lupus Erythematosus,M32.8,Other forms of systemic lupus erythematosus
,,Systemic Lupus Erythematosus,M32.8+F02.8*,Other forms of systemic lupus erythematosus/Dementia in other specified diseases classified elsewhere
,,Systemic Lupus Erythematosus,M32.9,"Systemic lupus erythematosus, unspecified"
,,Systemic Lupus Erythematosus,M32.9+F02.8*,"Systemic lupus erythematosus, unspecified/Dementia in other specified diseases classified elsewhere"
,,Ulcerative Colitis,K51.0,Ulcerative (chronic) enterocolitis
,,Ulcerative Colitis,K51.1,Ulcerative (chronic) ileocolitis
,,Ulcerative Colitis,K51.2,Ulcerative (chronic) proctitis
,,Ulcerative Colitis,K51.3,Ulcerative (chronic) rectosigmoiditis
,,Ulcerative Colitis,K51.4,Pseudopolyposis of colon
,,Ulcerative Colitis,K51.5,Mucosal proctocolitis
,,Ulcerative Colitis,K51.8,Other ulcerative colitis
,,Ulcerative Colitis,K51.9,"Ulcerative colitis, unspecified"